{
    "name": "draft",
    "modules": [
        {
            "id": "795255535158004",
            "label": null,
            "point": {
                "x": -109,
                "y": -387
            },
            "type": "response",
            "next_modules": [],
            "response_fields": {
                "text": "Context map now has \"{updated_info}\"",
                "action": ""
            }
        },
        {
            "id": "796171128081679",
            "label": "Decision",
            "point": {
                "x": -556,
                "y": -155
            },
            "type": "decision",
            "next_modules": [
                {
                    "id": "748541793054588",
                    "outcome": "negative",
                    "incoming_side": "left",
                    "outgoing_side": "right"
                },
                {
                    "id": "795255535158004",
                    "outcome": "positive",
                    "incoming_side": "left",
                    "outgoing_side": "right"
                }
            ],
            "decision_fields": {
                "condition_root": "1766511043715763",
                "condition_nodes": [
                    {
                        "id": "1766511043715763",
                        "condition_type": "context_with_value",
                        "context_with_value_fields": {
                            "path": "updated_info"
                        }
                    }
                ]
            }
        },
        {
            "id": "604399607845644",
            "label": null,
            "point": {
                "x": 766,
                "y": -220
            },
            "type": "decision",
            "next_modules": [
                {
                    "id": "595621111941174",
                    "outcome": "negative",
                    "incoming_side": "left",
                    "outgoing_side": "right"
                },
                {
                    "id": "371069045107492",
                    "outcome": "positive",
                    "incoming_side": "left",
                    "outgoing_side": "right"
                }
            ],
            "decision_fields": {
                "condition_root": "1766462183720649",
                "condition_nodes": [
                    {
                        "id": "1766462183720649",
                        "condition_type": "context_with_value",
                        "context_with_value_fields": {
                            "path": "color"
                        }
                    }
                ]
            }
        },
        {
            "id": "1712806179095597",
            "label": "Context",
            "point": {
                "x": 354,
                "y": -218
            },
            "type": "context",
            "next_modules": [
                {
                    "id": "604399607845644",
                    "outcome": "single",
                    "incoming_side": "left",
                    "outgoing_side": "right"
                }
            ],
            "context_fields": {
                "context_type": "save",
                "save_fields": {
                    "path": "color",
                    "entity": "color:color"
                }
            }
        },
        {
            "id": "371069045107492",
            "label": "Response",
            "point": {
                "x": 1240,
                "y": -221
            },
            "type": "response",
            "next_modules": [],
            "response_fields": {
                "text": "As you can see, I have turned {color[0].value}.",
                "action": "change_color"
            }
        },
        {
            "id": "595621111941174",
            "label": null,
            "point": {
                "x": 1242,
                "y": 63
            },
            "type": "response",
            "next_modules": [],
            "response_fields": {
                "text": "Well you have to tell me a color to change to!",
                "action": ""
            }
        },
        {
            "id": "748541793054588",
            "label": "Decision",
            "point": {
                "x": -99,
                "y": -31
            },
            "type": "decision",
            "next_modules": [
                {
                    "id": "595621111941174",
                    "outcome": "negative",
                    "incoming_side": "left",
                    "outgoing_side": "right"
                },
                {
                    "id": "1712806179095597",
                    "outcome": "positive",
                    "incoming_side": "left",
                    "outgoing_side": "right"
                }
            ],
            "decision_fields": {
                "condition_root": "1744116055955262",
                "condition_nodes": [
                    {
                        "id": "1744116055955262",
                        "condition_type": "intent",
                        "intent_fields": {
                            "intent": "color_set",
                            "threshold": 0.8
                        }
                    }
                ]
            }
        },
        {
            "id": "1104697213577697",
            "label": null,
            "point": {
                "x": -975,
                "y": -156
            },
            "type": "input",
            "next_modules": [
                {
                    "id": "796171128081679",
                    "outcome": "single",
                    "incoming_side": "left",
                    "outgoing_side": "right"
                }
            ]
        }
    ]
}
