{
    "name": "live",
    "modules": [
        {
            "id": "1290682518336796",
            "label": null,
            "point": {
                "x": -975,
                "y": -156
            },
            "type": "input",
            "next_modules": [
                {
                    "id": "1240103943199761",
                    "outcome": "single",
                    "incoming_side": "left",
                    "outgoing_side": "right"
                }
            ]
        },
        {
            "id": "1240103943199761",
            "label": "Decision",
            "point": {
                "x": -556,
                "y": -155
            },
            "type": "decision",
            "next_modules": [
                {
                    "id": "1049454859100725",
                    "outcome": "negative",
                    "incoming_side": "left",
                    "outgoing_side": "right"
                },
                {
                    "id": "495960971949013",
                    "outcome": "positive",
                    "incoming_side": "left",
                    "outgoing_side": "right"
                }
            ],
            "decision_fields": {
                "condition_root": "1781896615510539",
                "condition_nodes": [
                    {
                        "id": "1781896615510539",
                        "condition_type": "context_with_value",
                        "context_with_value_fields": {
                            "path": "updated_info"
                        }
                    }
                ]
            }
        },
        {
            "id": "1049454859100725",
            "label": "Decision",
            "point": {
                "x": -99,
                "y": -31
            },
            "type": "decision",
            "next_modules": [
                {
                    "id": "639547437541657",
                    "outcome": "negative",
                    "incoming_side": "left",
                    "outgoing_side": "right"
                },
                {
                    "id": "640387970849056",
                    "outcome": "positive",
                    "incoming_side": "left",
                    "outgoing_side": "right"
                }
            ],
            "decision_fields": {
                "condition_root": "1781896625510538",
                "condition_nodes": [
                    {
                        "id": "1781896625510538",
                        "condition_type": "intent",
                        "intent_fields": {
                            "intent": "color_set",
                            "threshold": 0.8
                        }
                    }
                ]
            }
        },
        {
            "id": "773592287089100",
            "label": null,
            "point": {
                "x": 766,
                "y": -220
            },
            "type": "decision",
            "next_modules": [
                {
                    "id": "639547437541657",
                    "outcome": "negative",
                    "incoming_side": "left",
                    "outgoing_side": "right"
                },
                {
                    "id": "477879570876978",
                    "outcome": "positive",
                    "incoming_side": "left",
                    "outgoing_side": "right"
                }
            ],
            "decision_fields": {
                "condition_root": "1781896622177205",
                "condition_nodes": [
                    {
                        "id": "1781896622177205",
                        "condition_type": "context_with_value",
                        "context_with_value_fields": {
                            "path": "color"
                        }
                    }
                ]
            }
        },
        {
            "id": "640387970849056",
            "label": "Context",
            "point": {
                "x": 354,
                "y": -218
            },
            "type": "context",
            "next_modules": [
                {
                    "id": "773592287089100",
                    "outcome": "single",
                    "incoming_side": "left",
                    "outgoing_side": "right"
                }
            ],
            "context_fields": {
                "context_type": "save",
                "save_fields": {
                    "path": "color",
                    "entity": "color:color"
                }
            }
        },
        {
            "id": "639547437541657",
            "label": null,
            "point": {
                "x": 1242,
                "y": 63
            },
            "type": "response",
            "next_modules": [],
            "response_fields": {
                "text": "Well you have to tell me a color to change to!",
                "action": ""
            }
        },
        {
            "id": "495960971949013",
            "label": null,
            "point": {
                "x": -109,
                "y": -387
            },
            "type": "response",
            "next_modules": [],
            "response_fields": {
                "text": "Context map now has \"{updated_info}\"",
                "action": ""
            }
        },
        {
            "id": "477879570876978",
            "label": "Response",
            "point": {
                "x": 1240,
                "y": -221
            },
            "type": "response",
            "next_modules": [],
            "response_fields": {
                "text": "As you can see, I have turned {color[0].value}.",
                "action": "change_color"
            }
        }
    ]
}
