{
    "name": "color",
    "roles": [
        "color"
    ],
    "lookups": [
        "keywords"
    ],
    "keywords": [
        {
            "keyword": "black",
            "synonyms": [
                "black"
            ]
        },
        {
            "keyword": "blue",
            "synonyms": [
                "blue"
            ]
        },
        {
            "keyword": "brown",
            "synonyms": [
                "brown"
            ]
        },
        {
            "keyword": "green",
            "synonyms": [
                "green"
            ]
        },
        {
            "keyword": "magenta",
            "synonyms": [
                "magenta"
            ]
        },
        {
            "keyword": "orange",
            "synonyms": [
                "orange"
            ]
        },
        {
            "keyword": "pink",
            "synonyms": [
                "pink"
            ]
        },
        {
            "keyword": "purple",
            "synonyms": [
                "purple"
            ]
        },
        {
            "keyword": "red",
            "synonyms": [
                "red"
            ]
        },
        {
            "keyword": "white",
            "synonyms": [
                "white"
            ]
        },
        {
            "keyword": "yellow",
            "synonyms": [
                "yellow"
            ]
        }
    ]
}
