{
    "name": "shape",
    "roles": [
        "shape"
    ],
    "lookups": [
        "keywords"
    ],
    "keywords": [
        {
            "keyword": "capsule",
            "synonyms": [
                "capsule",
                "pill"
            ]
        },
        {
            "keyword": "cube",
            "synonyms": [
                "block",
                "box",
                "cube",
                "square"
            ]
        },
        {
            "keyword": "cylinder",
            "synonyms": [
                "can",
                "cylinder"
            ]
        },
        {
            "keyword": "sphere",
            "synonyms": [
                "circle",
                "fear",
                "spear",
                "sphere"
            ]
        }
    ]
}
