{
    "utterances": [
        {
            "text": "Black",
            "entities": [
                {
                    "entity": "color:color",
                    "start": 0,
                    "end": 5,
                    "body": "Black",
                    "entities": []
                }
            ],
            "traits": [],
            "intent": "color_set"
        },
        {
            "text": "Block",
            "entities": [
                {
                    "entity": "shape:shape",
                    "start": 0,
                    "end": 5,
                    "body": "Block",
                    "entities": []
                }
            ],
            "traits": [],
            "intent": "shape_select"
        },
        {
            "text": "Blue",
            "entities": [
                {
                    "entity": "color:color",
                    "start": 0,
                    "end": 4,
                    "body": "Blue",
                    "entities": []
                }
            ],
            "traits": [],
            "intent": "color_set"
        },
        {
            "text": "Box",
            "entities": [
                {
                    "entity": "shape:shape",
                    "start": 0,
                    "end": 3,
                    "body": "Box",
                    "entities": []
                }
            ],
            "traits": [],
            "intent": "shape_select"
        },
        {
            "text": "Cube",
            "entities": [
                {
                    "entity": "shape:shape",
                    "start": 0,
                    "end": 4,
                    "body": "Cube",
                    "entities": []
                }
            ],
            "traits": [],
            "intent": "shape_select"
        },
        {
            "text": "Find the capsule",
            "entities": [
                {
                    "entity": "shape:shape",
                    "start": 9,
                    "end": 16,
                    "body": "capsule",
                    "entities": []
                }
            ],
            "traits": [],
            "intent": "shape_select"
        },
        {
            "text": "Find the cylinder",
            "entities": [
                {
                    "entity": "shape:shape",
                    "start": 9,
                    "end": 17,
                    "body": "cylinder",
                    "entities": []
                }
            ],
            "traits": [],
            "intent": "shape_select"
        },
        {
            "text": "Get cube",
            "entities": [
                {
                    "entity": "shape:shape",
                    "start": 4,
                    "end": 8,
                    "body": "cube",
                    "entities": []
                }
            ],
            "traits": [],
            "intent": "shape_select"
        },
        {
            "text": "Green",
            "entities": [
                {
                    "entity": "color:color",
                    "start": 0,
                    "end": 5,
                    "body": "Green",
                    "entities": []
                }
            ],
            "traits": [],
            "intent": "color_set"
        },
        {
            "text": "Magenta",
            "entities": [
                {
                    "entity": "color:color",
                    "start": 0,
                    "end": 7,
                    "body": "Magenta",
                    "entities": []
                }
            ],
            "traits": [],
            "intent": "color_set"
        },
        {
            "text": "Make purple",
            "entities": [
                {
                    "entity": "color:color",
                    "start": 5,
                    "end": 11,
                    "body": "purple",
                    "entities": []
                }
            ],
            "traits": [],
            "intent": "color_set"
        },
        {
            "text": "Orange",
            "entities": [
                {
                    "entity": "color:color",
                    "start": 0,
                    "end": 6,
                    "body": "Orange",
                    "entities": []
                }
            ],
            "traits": [],
            "intent": "color_set"
        },
        {
            "text": "Pink",
            "entities": [
                {
                    "entity": "color:color",
                    "start": 0,
                    "end": 4,
                    "body": "Pink",
                    "entities": []
                }
            ],
            "traits": [],
            "intent": "color_set"
        },
        {
            "text": "Red",
            "entities": [
                {
                    "entity": "color:color",
                    "start": 0,
                    "end": 3,
                    "body": "Red",
                    "entities": []
                }
            ],
            "traits": [],
            "intent": "color_set"
        },
        {
            "text": "Red to be or not to be that it",
            "entities": [
                {
                    "entity": "color:color",
                    "start": 0,
                    "end": 3,
                    "body": "Red",
                    "entities": []
                }
            ],
            "traits": [],
            "intent": "color_set"
        },
        {
            "text": "Select cube",
            "entities": [
                {
                    "entity": "shape:shape",
                    "start": 7,
                    "end": 11,
                    "body": "cube",
                    "entities": []
                }
            ],
            "traits": [],
            "intent": "shape_select"
        },
        {
            "text": "Sphere",
            "entities": [
                {
                    "entity": "shape:shape",
                    "start": 0,
                    "end": 6,
                    "body": "Sphere",
                    "entities": []
                }
            ],
            "traits": [],
            "intent": "shape_select"
        },
        {
            "text": "Turn Blue",
            "entities": [
                {
                    "entity": "color:color",
                    "start": 5,
                    "end": 9,
                    "body": "Blue",
                    "entities": []
                }
            ],
            "traits": [],
            "intent": "color_set"
        },
        {
            "text": "Turn magenta",
            "entities": [
                {
                    "entity": "color:color",
                    "start": 5,
                    "end": 12,
                    "body": "magenta",
                    "entities": []
                }
            ],
            "traits": [],
            "intent": "color_set"
        },
        {
            "text": "Turn orange",
            "entities": [
                {
                    "entity": "color:color",
                    "start": 5,
                    "end": 11,
                    "body": "orange",
                    "entities": []
                }
            ],
            "traits": [],
            "intent": "color_set"
        },
        {
            "text": "Turn red",
            "entities": [
                {
                    "entity": "color:color",
                    "start": 5,
                    "end": 8,
                    "body": "red",
                    "entities": []
                }
            ],
            "traits": [],
            "intent": "color_set"
        },
        {
            "text": "White",
            "entities": [
                {
                    "entity": "color:color",
                    "start": 0,
                    "end": 5,
                    "body": "White",
                    "entities": []
                }
            ],
            "traits": [],
            "intent": "color_set"
        },
        {
            "text": "Yellow",
            "entities": [
                {
                    "entity": "color:color",
                    "start": 0,
                    "end": 6,
                    "body": "Yellow",
                    "entities": []
                }
            ],
            "traits": [],
            "intent": "color_set"
        },
        {
            "text": "brown",
            "entities": [
                {
                    "entity": "color:color",
                    "start": 0,
                    "end": 5,
                    "body": "brown",
                    "entities": []
                }
            ],
            "traits": [],
            "intent": "color_set"
        }
    ]
}
